-- phpMyAdmin SQL Dump
-- version 5.2.2
-- https://www.phpmyadmin.net/
--
-- Servidor: localhost:3306
-- Tiempo de generación: 20-05-2025 a las 15:06:00
-- Versión del servidor: 8.2.0
-- Versión de PHP: 8.1.10

SET SQL_MODE = "NO_AUTO_VALUE_ON_ZERO";
START TRANSACTION;
SET time_zone = "+00:00";


/*!40101 SET @OLD_CHARACTER_SET_CLIENT=@@CHARACTER_SET_CLIENT */;
/*!40101 SET @OLD_CHARACTER_SET_RESULTS=@@CHARACTER_SET_RESULTS */;
/*!40101 SET @OLD_COLLATION_CONNECTION=@@COLLATION_CONNECTION */;
/*!40101 SET NAMES utf8mb4 */;

--
-- Base de datos: `sgae-db-v3`
--
CREATE DATABASE IF NOT EXISTS `sgae-db-v3` DEFAULT CHARACTER SET utf8mb4 COLLATE=utf8_general_ci;
USE `sgae-db-v3`;

-- --------------------------------------------------------

--
-- Estructura de tabla para la tabla `administradores`
--

CREATE TABLE `administradores` (
  `use_id` int NOT NULL,
  `Adm_Nombre` varchar(30) NOT NULL,
  `Adm_ApePa` varchar(20) NOT NULL,
  `Adm_ApeMa` varchar(20) NOT NULL,
  `Adm_Turno` char(1) NOT NULL DEFAULT 'M'
) ENGINE=InnoDB DEFAULT CHARSET=utf8 COLLATE=utf8_general_ci;

--
-- Volcado de datos para la tabla `administradores`
--

INSERT INTO `administradores` (`use_id`, `Adm_Nombre`, `Adm_ApePa`, `Adm_ApeMa`, `Adm_Turno`) VALUES
(9, 'Fernando', 'Rodríguez', 'Pérez', 'V'),
(10, 'Juan', 'Martínez', 'Sánchez', 'V');

-- --------------------------------------------------------

--
-- Estructura de tabla para la tabla `alumnos`
--

CREATE TABLE `alumnos` (
  `use_id` int NOT NULL,
  `Alum_Nombre` varchar(30) NOT NULL,
  `Alum_ApePa` varchar(20) NOT NULL,
  `Alum_ApeMa` varchar(20) NOT NULL,
  `Alum_CURP` varchar(18) NOT NULL,
  `Alum_Promedio` float NOT NULL,
  `Alum_Estatus` varchar(20) NOT NULL,
  `Alum_Conducta` varchar(20) NOT NULL,
  `Alum_Foto` text,
  `Grupo_ID` int NOT NULL,
  `Alum_Turno` char(1) NOT NULL DEFAULT 'M'
) ENGINE=InnoDB DEFAULT CHARSET=utf8 COLLATE=utf8_general_ci;

--
-- Volcado de datos para la tabla `alumnos`
--

INSERT INTO `alumnos` (`use_id`, `Alum_Nombre`, `Alum_ApePa`, `Alum_ApeMa`, `Alum_CURP`, `Alum_Promedio`, `Alum_Estatus`, `Alum_Conducta`, `Alum_Foto`, `Grupo_ID`, `Alum_Turno`) VALUES
(1, 'Fernando', 'Cruz', 'Ramírez', 'YYH6AX73IIWWF8EIB0', 8.75, 'Expulsado', 'Buena', '2', 2, 'M'),
(2, 'Nemon', 'Hernández', 'Sánchez', '5C5T116YW9RY4APEWJ', 8.5, 'Expulsado', 'Mala', '1', 4, 'M'),
(3, 'David', 'García', 'Sánchez', 'CHVLLRUJG828NLHQUC', 7.75, 'Expulsado', 'Buena', '3', 4, 'M'),
(4, 'Carlos', 'González', 'Sánchez', 'D9FIUBBTD0EPC2RSSE', 6.25, 'Graduado', 'Regular', '4', 6, 'M'),
(5, 'Nemon', 'González', 'García', 'P4Q4GELULKBSAGFAX9', 6.75, 'Activo', 'Buena', '4', 6, 'M'),
(6, 'Juan', 'García', 'Martínez', 'DV90IM95YXTXRXKZA6', 9.5, 'Expulsado', 'Regular', '5', 5, 'M'),
(7, 'Mauricio', 'Hernández', 'González', 'OFOFJTZ8EHH64TAA2Q', 8, 'Expulsado', 'Regular', '1', 6, 'M'),
(8, 'Fernando', 'Ramírez', 'Sánchez', 'PUMF0GLRTLJP8UQF44', 8.5, 'Expulsado', 'Regular', '1', 7, 'M');

-- --------------------------------------------------------

--
-- Estructura de tabla para la tabla `calendario`
--

CREATE TABLE `calendario` (
  `Evento_ID` int NOT NULL,
  `Evento_Fecha` date NOT NULL,
  `Evento_Titulo` varchar(50) NOT NULL,
  `Evento_Descripcion` text NOT NULL,
  `use_id_administrador` int DEFAULT NULL
) ENGINE=InnoDB DEFAULT CHARSET=utf8 COLLATE=utf8_general_ci;

--
-- Volcado de datos para la tabla `calendario`
--

INSERT INTO `calendario` (`Evento_ID`, `Evento_Fecha`, `Evento_Titulo`, `Evento_Descripcion`, `use_id_administrador`) VALUES
(1, '2025-06-01', 'Reunión de Padres', 'Charla inicial con padres de familia', 9),
(2, '2025-07-15', 'Examen Final 1er CUATRI', 'Aplicación de exámenes de fin de cuatrimestre', 10),
(3, '2025-08-05', 'Entrega de Constancias', 'Entrega de documentos de fin de curso', 9);

-- --------------------------------------------------------

--
-- Estructura de tabla para la tabla `calificaciones`
--

CREATE TABLE `calificaciones` (
  `Cal_ID` int NOT NULL,
  `use_id_alumno` int NOT NULL,
  `Mtr_ID` int NOT NULL,
  `use_id_profesor` int NOT NULL,
  `Cal_T1` int NOT NULL,
  `Cal_T2` int NOT NULL,
  `Cal_T3` int NOT NULL,
  `Cal_T4` int NOT NULL
) ENGINE=InnoDB DEFAULT CHARSET=utf8 COLLATE=utf8_general_ci;

--
-- Volcado de datos para la tabla `calificaciones`
--

INSERT INTO `calificaciones` (`Cal_ID`, `use_id_alumno`, `Mtr_ID`, `use_id_profesor`, `Cal_T1`, `Cal_T2`, `Cal_T3`, `Cal_T4`) VALUES
(1, 1, 9, 19, 9, 6, 7, 8),
(2, 1, 5, 15, 8, 8, 10, 9),
(3, 1, 7, 17, 6, 10, 10, 10),
(4, 1, 4, 14, 7, 6, 7, 10),
(5, 1, 13, 23, 8, 7, 6, 7),
(6, 1, 1, 11, 10, 7, 8, 9),
(7, 1, 5, 15, 9, 6, 9, 8),
(8, 1, 11, 21, 9, 9, 6, 7),
(9, 1, 8, 18, 10, 8, 9, 10),
(10, 1, 13, 23, 10, 9, 9, 6),
(11, 1, 14, 24, 7, 6, 8, 6),
(12, 1, 11, 21, 8, 6, 8, 8),
(13, 1, 2, 12, 10, 6, 8, 7),
(14, 1, 4, 14, 10, 8, 9, 7),
(15, 1, 4, 14, 7, 10, 9, 6),
(16, 1, 11, 21, 9, 6, 10, 10),
(17, 1, 13, 23, 7, 8, 10, 7),
(18, 1, 7, 17, 6, 8, 7, 10),
(19, 1, 11, 21, 6, 10, 8, 7),
(20, 1, 14, 24, 6, 9, 9, 6),
(21, 1, 5, 15, 10, 8, 6, 6),
(22, 1, 7, 17, 10, 8, 6, 8),
(23, 1, 12, 22, 7, 10, 7, 10),
(24, 1, 3, 13, 9, 7, 10, 9),
(25, 1, 1, 11, 7, 8, 10, 10),
(26, 1, 5, 15, 9, 9, 9, 7),
(27, 1, 14, 24, 9, 6, 8, 10),
(28, 1, 12, 22, 8, 10, 10, 10),
(29, 1, 12, 22, 8, 10, 8, 10),
(30, 1, 11, 21, 8, 10, 10, 6),
(31, 1, 3, 13, 10, 6, 9, 8),
(32, 1, 15, 25, 7, 8, 10, 7),
(33, 1, 1, 11, 6, 10, 9, 10),
(34, 1, 11, 21, 8, 9, 7, 7),
(35, 1, 12, 22, 6, 6, 8, 6),
(36, 1, 4, 14, 9, 6, 7, 7),
(37, 1, 13, 23, 7, 8, 8, 9),
(38, 1, 6, 16, 8, 9, 10, 9),
(39, 1, 11, 21, 8, 6, 8, 8),
(40, 1, 10, 20, 6, 6, 7, 10),
(41, 1, 9, 19, 7, 7, 8, 7),
(42, 1, 9, 19, 8, 10, 6, 6),
(43, 1, 14, 24, 9, 8, 8, 6),
(44, 1, 4, 14, 10, 9, 8, 10),
(45, 1, 5, 15, 6, 8, 7, 6),
(46, 1, 4, 14, 10, 6, 6, 7),
(47, 1, 3, 13, 10, 10, 10, 8),
(48, 1, 5, 15, 8, 8, 8, 8),
(49, 1, 9, 19, 10, 9, 8, 10),
(50, 1, 5, 15, 7, 7, 9, 9),
(51, 1, 3, 13, 8, 9, 6, 6),
(52, 1, 14, 24, 9, 9, 8, 9),
(53, 1, 1, 11, 10, 10, 6, 7),
(54, 1, 9, 19, 6, 8, 6, 8),
(55, 1, 8, 18, 9, 7, 10, 7),
(56, 1, 10, 20, 7, 6, 6, 8),
(57, 1, 8, 18, 9, 9, 8, 9),
(58, 1, 14, 24, 8, 10, 10, 6),
(59, 1, 4, 14, 9, 9, 10, 9),
(60, 1, 9, 19, 10, 8, 7, 10),
(61, 2, 2, 12, 9, 10, 7, 7),
(62, 2, 7, 17, 10, 8, 9, 9),
(63, 2, 12, 22, 8, 6, 7, 7),
(64, 2, 6, 16, 8, 8, 7, 10),
(65, 2, 11, 21, 6, 9, 6, 10),
(66, 2, 11, 21, 10, 6, 8, 7),
(67, 2, 7, 17, 7, 10, 9, 9),
(68, 2, 8, 18, 9, 7, 9, 7),
(69, 2, 5, 15, 7, 8, 7, 6),
(70, 2, 7, 17, 6, 9, 8, 7),
(71, 2, 9, 19, 9, 7, 9, 7),
(72, 2, 9, 19, 10, 9, 9, 8),
(73, 2, 3, 13, 7, 10, 9, 7),
(74, 2, 8, 18, 6, 9, 9, 9),
(75, 2, 7, 17, 9, 9, 9, 8),
(76, 2, 6, 16, 6, 7, 10, 9),
(77, 2, 11, 21, 8, 6, 8, 10),
(78, 2, 13, 23, 8, 9, 7, 9),
(79, 2, 4, 14, 8, 9, 8, 10),
(80, 2, 1, 11, 8, 10, 10, 10),
(81, 2, 3, 13, 10, 6, 9, 10),
(82, 2, 14, 24, 8, 8, 7, 8),
(83, 2, 13, 23, 6, 8, 7, 8),
(84, 2, 8, 18, 6, 8, 8, 9),
(85, 2, 11, 21, 7, 10, 8, 6),
(86, 2, 10, 20, 8, 9, 8, 8),
(87, 2, 8, 18, 8, 6, 9, 6),
(88, 2, 6, 16, 8, 6, 8, 6),
(89, 2, 8, 18, 6, 6, 7, 10),
(90, 2, 4, 14, 6, 6, 9, 7),
(91, 2, 15, 25, 9, 8, 10, 10),
(92, 2, 7, 17, 7, 10, 10, 8),
(93, 2, 5, 15, 9, 10, 8, 10),
(94, 2, 13, 23, 8, 9, 10, 8),
(95, 2, 11, 21, 8, 9, 7, 6),
(96, 2, 3, 13, 10, 6, 6, 9),
(97, 2, 14, 24, 8, 7, 8, 10),
(98, 2, 7, 17, 7, 10, 7, 10),
(99, 2, 3, 13, 6, 10, 6, 9),
(100, 2, 15, 25, 6, 6, 9, 8),
(101, 2, 6, 16, 10, 8, 9, 10),
(102, 2, 8, 18, 9, 10, 9, 8),
(103, 2, 8, 18, 9, 8, 7, 7),
(104, 2, 11, 21, 9, 7, 7, 9),
(105, 2, 3, 13, 6, 10, 6, 8),
(106, 2, 10, 20, 8, 7, 10, 9),
(107, 2, 2, 12, 9, 10, 9, 6),
(108, 2, 4, 14, 6, 9, 6, 7),
(109, 2, 5, 15, 10, 7, 6, 8),
(110, 2, 14, 24, 7, 8, 6, 10),
(111, 2, 2, 12, 8, 6, 6, 9),
(112, 2, 10, 20, 8, 6, 10, 10),
(113, 2, 9, 19, 7, 10, 9, 7),
(114, 2, 11, 21, 7, 6, 10, 7),
(115, 2, 14, 24, 10, 6, 7, 6),
(116, 2, 12, 22, 8, 10, 7, 10),
(117, 2, 5, 15, 8, 8, 9, 10),
(118, 2, 1, 11, 7, 10, 8, 10),
(119, 2, 13, 23, 10, 6, 9, 8),
(120, 2, 14, 24, 10, 9, 6, 9),
(121, 3, 2, 12, 10, 8, 9, 6),
(122, 3, 7, 17, 6, 8, 7, 7),
(123, 3, 12, 22, 7, 10, 6, 10),
(124, 3, 6, 16, 6, 10, 9, 7),
(125, 3, 11, 21, 10, 7, 9, 7),
(126, 3, 11, 21, 7, 8, 7, 8),
(127, 3, 7, 17, 6, 6, 6, 9),
(128, 3, 8, 18, 6, 10, 7, 7),
(129, 3, 5, 15, 9, 6, 9, 7),
(130, 3, 7, 17, 10, 10, 8, 6),
(131, 3, 9, 19, 8, 6, 9, 7),
(132, 3, 9, 19, 9, 8, 6, 8),
(133, 3, 3, 13, 10, 6, 8, 7),
(134, 3, 8, 18, 7, 7, 6, 10),
(135, 3, 7, 17, 6, 7, 8, 8),
(136, 3, 6, 16, 7, 9, 7, 8),
(137, 3, 11, 21, 9, 8, 6, 8),
(138, 3, 13, 23, 9, 6, 6, 8),
(139, 3, 4, 14, 7, 7, 7, 7),
(140, 3, 1, 11, 9, 8, 8, 6),
(141, 3, 3, 13, 10, 9, 10, 6),
(142, 3, 14, 24, 6, 7, 10, 9),
(143, 3, 13, 23, 8, 10, 10, 8),
(144, 3, 8, 18, 7, 10, 8, 7),
(145, 3, 11, 21, 6, 9, 8, 7),
(146, 3, 10, 20, 7, 8, 9, 10),
(147, 3, 8, 18, 7, 7, 8, 6),
(148, 3, 6, 16, 9, 9, 10, 6),
(149, 3, 8, 18, 10, 6, 6, 6),
(150, 3, 4, 14, 9, 6, 8, 10),
(151, 3, 15, 25, 8, 9, 9, 6),
(152, 3, 7, 17, 10, 6, 7, 7),
(153, 3, 5, 15, 6, 6, 7, 9),
(154, 3, 13, 23, 8, 10, 8, 8),
(155, 3, 11, 21, 6, 9, 10, 8),
(156, 3, 3, 13, 8, 10, 6, 9),
(157, 3, 14, 24, 6, 10, 10, 6),
(158, 3, 7, 17, 6, 8, 10, 6),
(159, 3, 3, 13, 6, 6, 7, 7),
(160, 3, 15, 25, 9, 10, 9, 8),
(161, 3, 6, 16, 7, 10, 8, 7),
(162, 3, 8, 18, 6, 6, 9, 8),
(163, 3, 8, 18, 10, 10, 6, 6),
(164, 3, 11, 21, 10, 9, 9, 8),
(165, 3, 3, 13, 7, 10, 8, 9),
(166, 3, 10, 20, 10, 7, 8, 7),
(167, 3, 2, 12, 10, 7, 6, 7),
(168, 3, 4, 14, 7, 9, 9, 8),
(169, 3, 5, 15, 7, 10, 10, 7),
(170, 3, 14, 24, 9, 9, 7, 10),
(171, 3, 2, 12, 9, 9, 6, 8),
(172, 3, 10, 20, 7, 10, 6, 10),
(173, 3, 9, 19, 9, 8, 8, 9),
(174, 3, 11, 21, 9, 7, 8, 7),
(175, 3, 14, 24, 9, 8, 7, 8),
(176, 3, 12, 22, 10, 8, 9, 8),
(177, 3, 5, 15, 8, 9, 6, 8),
(178, 3, 1, 11, 8, 9, 8, 6),
(179, 3, 13, 23, 6, 7, 8, 9),
(180, 3, 14, 24, 6, 9, 10, 6),
(181, 6, 6, 16, 9, 10, 7, 8),
(182, 6, 12, 22, 7, 10, 10, 9),
(183, 6, 6, 16, 7, 9, 8, 6),
(184, 6, 13, 23, 9, 9, 10, 8),
(185, 6, 10, 20, 6, 10, 6, 9),
(186, 6, 5, 15, 6, 10, 8, 8),
(187, 6, 6, 16, 10, 8, 6, 7),
(188, 6, 7, 17, 9, 10, 9, 6),
(189, 6, 4, 14, 6, 10, 6, 8),
(190, 6, 15, 25, 7, 7, 8, 10),
(191, 6, 6, 16, 9, 6, 10, 7),
(192, 6, 3, 13, 9, 7, 6, 8),
(193, 6, 8, 18, 8, 6, 10, 9),
(194, 6, 2, 12, 9, 8, 7, 7),
(195, 6, 14, 24, 8, 8, 7, 8),
(196, 6, 3, 13, 6, 6, 8, 7),
(197, 6, 1, 11, 6, 10, 8, 9),
(198, 6, 5, 15, 6, 7, 8, 9),
(199, 6, 13, 23, 8, 9, 8, 9),
(200, 6, 3, 13, 6, 9, 10, 7),
(201, 6, 8, 18, 9, 6, 6, 10),
(202, 6, 15, 25, 7, 7, 6, 6),
(203, 6, 14, 24, 10, 6, 10, 10),
(204, 6, 3, 13, 9, 10, 8, 6),
(205, 6, 13, 23, 7, 6, 7, 6),
(206, 6, 10, 20, 7, 6, 9, 10),
(207, 6, 11, 21, 9, 8, 8, 9),
(208, 6, 4, 14, 10, 10, 8, 8),
(209, 6, 9, 19, 6, 10, 9, 7),
(210, 6, 4, 14, 7, 6, 8, 6),
(211, 6, 11, 21, 9, 10, 8, 6),
(212, 6, 15, 25, 9, 9, 8, 7),
(213, 6, 13, 23, 10, 8, 10, 7),
(214, 6, 10, 20, 7, 8, 7, 8),
(215, 6, 1, 11, 10, 9, 9, 10),
(216, 6, 15, 25, 10, 10, 10, 9),
(217, 6, 1, 11, 7, 7, 7, 9),
(218, 6, 14, 24, 10, 8, 6, 8),
(219, 6, 5, 15, 9, 10, 7, 8),
(220, 6, 11, 21, 10, 7, 7, 7),
(221, 6, 3, 13, 10, 9, 6, 8),
(222, 6, 2, 12, 9, 10, 6, 9),
(223, 6, 6, 16, 6, 10, 6, 8),
(224, 6, 4, 14, 10, 8, 9, 10),
(225, 6, 9, 19, 6, 9, 8, 8),
(226, 6, 13, 23, 8, 7, 9, 9),
(227, 6, 3, 13, 7, 10, 10, 8),
(228, 6, 13, 23, 7, 8, 8, 6),
(229, 6, 4, 14, 8, 10, 9, 10),
(230, 6, 4, 14, 7, 7, 8, 8),
(231, 6, 13, 23, 9, 10, 7, 8),
(232, 6, 13, 23, 10, 10, 9, 6),
(233, 6, 10, 20, 7, 6, 7, 9),
(234, 6, 3, 13, 9, 6, 7, 7),
(235, 6, 2, 12, 6, 10, 9, 6),
(236, 6, 8, 18, 6, 6, 9, 8),
(237, 6, 13, 23, 8, 10, 9, 6),
(238, 6, 11, 21, 7, 9, 7, 8),
(239, 6, 11, 21, 6, 10, 10, 10),
(240, 6, 11, 21, 8, 10, 10, 10),
(241, 4, 14, 24, 10, 6, 8, 7),
(242, 4, 3, 13, 6, 7, 9, 10),
(243, 4, 8, 18, 8, 10, 10, 10),
(244, 4, 7, 17, 6, 8, 8, 9),
(245, 4, 13, 23, 9, 10, 7, 10),
(246, 4, 2, 12, 9, 7, 8, 6),
(247, 4, 9, 19, 10, 7, 7, 8),
(248, 4, 13, 23, 7, 6, 7, 10),
(249, 4, 13, 23, 8, 7, 7, 6),
(250, 4, 15, 25, 10, 8, 10, 8),
(251, 4, 6, 16, 6, 6, 10, 6),
(252, 4, 15, 25, 10, 10, 6, 10),
(253, 4, 7, 17, 7, 6, 6, 6),
(254, 4, 14, 24, 9, 7, 7, 6),
(255, 4, 12, 22, 10, 6, 6, 9),
(256, 4, 14, 24, 9, 7, 9, 7),
(257, 4, 5, 15, 9, 10, 8, 9),
(258, 4, 4, 14, 7, 6, 7, 8),
(259, 4, 3, 13, 10, 8, 8, 10),
(260, 4, 10, 20, 7, 9, 10, 7),
(261, 4, 5, 15, 6, 10, 8, 9),
(262, 4, 2, 12, 7, 6, 7, 6),
(263, 4, 4, 14, 7, 10, 8, 10),
(264, 4, 6, 16, 7, 9, 8, 10),
(265, 4, 15, 25, 7, 10, 7, 10),
(266, 4, 7, 17, 7, 6, 9, 7),
(267, 4, 3, 13, 6, 6, 7, 9),
(268, 4, 1, 11, 7, 10, 6, 8),
(269, 4, 13, 23, 7, 6, 9, 6),
(270, 4, 8, 18, 10, 6, 7, 9),
(271, 4, 8, 18, 8, 10, 9, 8),
(272, 4, 11, 21, 6, 9, 6, 9),
(273, 4, 15, 25, 9, 6, 10, 8),
(274, 4, 6, 16, 6, 8, 10, 10),
(275, 4, 7, 17, 9, 9, 7, 6),
(276, 4, 11, 21, 9, 6, 8, 6),
(277, 4, 10, 20, 7, 6, 7, 10),
(278, 4, 13, 23, 9, 7, 10, 9),
(279, 4, 14, 24, 7, 6, 8, 6),
(280, 4, 8, 18, 9, 6, 7, 8),
(281, 4, 5, 15, 6, 10, 8, 6),
(282, 4, 7, 17, 7, 6, 8, 9),
(283, 4, 14, 24, 6, 9, 7, 7),
(284, 4, 4, 14, 10, 8, 6, 7),
(285, 4, 3, 13, 10, 6, 10, 7),
(286, 4, 1, 11, 10, 9, 9, 10),
(287, 4, 2, 12, 8, 6, 7, 8),
(288, 4, 10, 20, 6, 6, 10, 10),
(289, 4, 6, 16, 6, 8, 7, 7),
(290, 4, 2, 12, 7, 8, 8, 10),
(291, 4, 8, 18, 6, 6, 9, 9),
(292, 4, 7, 17, 9, 8, 10, 9),
(293, 4, 8, 18, 6, 6, 7, 9),
(294, 4, 4, 14, 6, 8, 6, 7),
(295, 4, 10, 20, 9, 9, 9, 8),
(296, 4, 6, 16, 9, 10, 8, 7),
(297, 4, 12, 22, 9, 6, 6, 10),
(298, 4, 8, 18, 10, 8, 9, 8),
(299, 4, 1, 11, 9, 9, 9, 8),
(300, 4, 12, 22, 7, 6, 6, 6),
(301, 5, 14, 24, 6, 10, 6, 7),
(302, 5, 3, 13, 10, 9, 8, 9),
(303, 5, 8, 18, 7, 7, 9, 10),
(304, 5, 7, 17, 6, 10, 7, 9),
(305, 5, 13, 23, 8, 6, 8, 6),
(306, 5, 2, 12, 8, 8, 6, 10),
(307, 5, 9, 19, 7, 6, 7, 7),
(308, 5, 13, 23, 9, 10, 7, 7),
(309, 5, 13, 23, 9, 10, 9, 7),
(310, 5, 15, 25, 7, 6, 9, 8),
(311, 5, 6, 16, 10, 6, 10, 7),
(312, 5, 15, 25, 7, 10, 9, 7),
(313, 5, 7, 17, 8, 7, 8, 6),
(314, 5, 14, 24, 9, 10, 8, 8),
(315, 5, 12, 22, 7, 7, 10, 7),
(316, 5, 14, 24, 7, 7, 8, 10),
(317, 5, 5, 15, 10, 6, 6, 8),
(318, 5, 4, 14, 10, 10, 6, 9),
(319, 5, 3, 13, 10, 6, 6, 10),
(320, 5, 10, 20, 8, 10, 6, 8),
(321, 5, 5, 15, 9, 6, 6, 10),
(322, 5, 2, 12, 9, 8, 8, 9),
(323, 5, 4, 14, 6, 10, 7, 6),
(324, 5, 6, 16, 8, 9, 10, 10),
(325, 5, 15, 25, 9, 10, 8, 10),
(326, 5, 7, 17, 9, 7, 7, 6),
(327, 5, 3, 13, 10, 6, 10, 6),
(328, 5, 1, 11, 10, 6, 10, 9),
(329, 5, 13, 23, 10, 8, 6, 6),
(330, 5, 8, 18, 6, 9, 7, 8),
(331, 5, 8, 18, 7, 8, 6, 10),
(332, 5, 11, 21, 8, 9, 9, 6),
(333, 5, 15, 25, 10, 10, 6, 7),
(334, 5, 6, 16, 7, 9, 7, 8),
(335, 5, 7, 17, 8, 7, 7, 7),
(336, 5, 11, 21, 10, 6, 6, 10),
(337, 5, 10, 20, 6, 8, 7, 8),
(338, 5, 13, 23, 10, 10, 8, 7),
(339, 5, 14, 24, 8, 10, 6, 9),
(340, 5, 8, 18, 8, 8, 9, 9),
(341, 5, 5, 15, 8, 9, 10, 6),
(342, 5, 7, 17, 10, 10, 9, 9),
(343, 5, 14, 24, 8, 7, 6, 9),
(344, 5, 4, 14, 7, 9, 10, 9),
(345, 5, 3, 13, 10, 7, 8, 9),
(346, 5, 1, 11, 8, 10, 7, 10),
(347, 5, 2, 12, 7, 6, 10, 9),
(348, 5, 10, 20, 7, 10, 7, 9),
(349, 5, 6, 16, 6, 10, 10, 8),
(350, 5, 2, 12, 9, 9, 9, 9),
(351, 5, 8, 18, 8, 6, 7, 7),
(352, 5, 7, 17, 6, 6, 10, 10),
(353, 5, 8, 18, 10, 8, 6, 6),
(354, 5, 4, 14, 8, 9, 10, 10),
(355, 5, 10, 20, 10, 10, 6, 9),
(356, 5, 6, 16, 9, 8, 6, 8),
(357, 5, 12, 22, 10, 9, 9, 8),
(358, 5, 8, 18, 10, 7, 10, 8),
(359, 5, 1, 11, 10, 8, 6, 9),
(360, 5, 12, 22, 7, 7, 6, 7),
(361, 7, 14, 24, 10, 10, 7, 8),
(362, 7, 3, 13, 7, 6, 8, 7),
(363, 7, 8, 18, 6, 7, 10, 8),
(364, 7, 7, 17, 6, 7, 10, 9),
(365, 7, 13, 23, 7, 8, 9, 7),
(366, 7, 2, 12, 6, 7, 9, 6),
(367, 7, 9, 19, 9, 8, 9, 9),
(368, 7, 13, 23, 8, 6, 9, 7),
(369, 7, 13, 23, 10, 8, 9, 7),
(370, 7, 15, 25, 10, 6, 9, 7),
(371, 7, 6, 16, 6, 8, 8, 6),
(372, 7, 15, 25, 6, 10, 10, 8),
(373, 7, 7, 17, 7, 6, 8, 9),
(374, 7, 14, 24, 8, 7, 10, 6),
(375, 7, 12, 22, 7, 6, 10, 8),
(376, 7, 14, 24, 10, 8, 8, 6),
(377, 7, 5, 15, 6, 8, 9, 6),
(378, 7, 4, 14, 6, 10, 8, 7),
(379, 7, 3, 13, 6, 10, 6, 9),
(380, 7, 10, 20, 10, 8, 10, 8),
(381, 7, 5, 15, 7, 8, 7, 8),
(382, 7, 2, 12, 8, 6, 8, 6),
(383, 7, 4, 14, 7, 6, 10, 6),
(384, 7, 6, 16, 8, 6, 9, 7),
(385, 7, 15, 25, 6, 6, 10, 10),
(386, 7, 7, 17, 9, 8, 9, 6),
(387, 7, 3, 13, 8, 8, 10, 6),
(388, 7, 1, 11, 10, 9, 7, 7),
(389, 7, 13, 23, 7, 9, 7, 6),
(390, 7, 8, 18, 7, 8, 9, 9),
(391, 7, 8, 18, 9, 10, 7, 9),
(392, 7, 11, 21, 8, 7, 9, 10),
(393, 7, 15, 25, 8, 6, 6, 8),
(394, 7, 6, 16, 10, 6, 8, 9),
(395, 7, 7, 17, 6, 9, 10, 7),
(396, 7, 11, 21, 10, 6, 10, 8),
(397, 7, 10, 20, 7, 7, 6, 8),
(398, 7, 13, 23, 6, 9, 9, 9),
(399, 7, 14, 24, 10, 6, 6, 8),
(400, 7, 8, 18, 8, 9, 6, 7),
(401, 7, 5, 15, 9, 7, 10, 10),
(402, 7, 7, 17, 9, 8, 7, 10),
(403, 7, 14, 24, 6, 9, 6, 8),
(404, 7, 4, 14, 7, 6, 10, 8),
(405, 7, 3, 13, 8, 10, 9, 10),
(406, 7, 1, 11, 9, 8, 7, 8),
(407, 7, 2, 12, 7, 7, 10, 9),
(408, 7, 10, 20, 8, 6, 7, 9),
(409, 7, 6, 16, 6, 6, 10, 8),
(410, 7, 2, 12, 8, 10, 6, 8),
(411, 7, 8, 18, 6, 7, 6, 10),
(412, 7, 7, 17, 8, 6, 10, 8),
(413, 7, 8, 18, 7, 10, 7, 10),
(414, 7, 4, 14, 8, 8, 10, 6),
(415, 7, 10, 20, 9, 7, 10, 6),
(416, 7, 6, 16, 8, 9, 10, 7),
(417, 7, 12, 22, 9, 10, 6, 8),
(418, 7, 8, 18, 6, 9, 9, 6),
(419, 7, 1, 11, 9, 10, 6, 9),
(420, 7, 12, 22, 6, 10, 9, 7),
(421, 8, 14, 24, 9, 6, 9, 8),
(422, 8, 3, 13, 6, 8, 6, 8),
(423, 8, 8, 18, 8, 10, 7, 7),
(424, 8, 9, 19, 6, 8, 7, 9),
(425, 8, 10, 20, 10, 7, 10, 7),
(426, 8, 13, 23, 6, 10, 9, 10),
(427, 8, 12, 22, 9, 6, 10, 9),
(428, 8, 14, 24, 10, 8, 10, 8),
(429, 8, 12, 22, 9, 6, 6, 8),
(430, 8, 5, 15, 8, 9, 9, 7),
(431, 8, 7, 17, 10, 8, 7, 8),
(432, 8, 9, 19, 10, 8, 10, 7),
(433, 8, 11, 21, 9, 8, 8, 9),
(434, 8, 2, 12, 9, 10, 7, 7),
(435, 8, 9, 19, 10, 9, 8, 6),
(436, 8, 7, 17, 6, 9, 10, 10),
(437, 8, 7, 17, 8, 6, 7, 10),
(438, 8, 1, 11, 9, 10, 8, 7),
(439, 8, 14, 24, 7, 10, 9, 7),
(440, 8, 4, 14, 10, 6, 8, 9),
(441, 8, 7, 17, 9, 6, 6, 10),
(442, 8, 13, 23, 7, 8, 8, 10),
(443, 8, 9, 19, 10, 7, 7, 8),
(444, 8, 12, 22, 6, 8, 7, 10),
(445, 8, 11, 21, 7, 10, 9, 9),
(446, 8, 12, 22, 8, 7, 8, 7),
(447, 8, 9, 19, 6, 8, 7, 10),
(448, 8, 15, 25, 8, 10, 7, 8),
(449, 8, 15, 25, 10, 6, 8, 6),
(450, 8, 13, 23, 10, 10, 10, 8),
(451, 8, 8, 18, 10, 8, 6, 7),
(452, 8, 12, 22, 8, 10, 7, 10),
(453, 8, 15, 25, 9, 8, 7, 9),
(454, 8, 10, 20, 6, 9, 8, 9),
(455, 8, 8, 18, 8, 8, 6, 8),
(456, 8, 10, 20, 9, 9, 9, 7),
(457, 8, 1, 11, 7, 7, 7, 9),
(458, 8, 15, 25, 9, 6, 6, 10),
(459, 8, 1, 11, 10, 7, 10, 6),
(460, 8, 11, 21, 6, 7, 6, 8),
(461, 8, 12, 22, 8, 8, 8, 9),
(462, 8, 6, 16, 10, 7, 6, 10),
(463, 8, 9, 19, 10, 7, 8, 7),
(464, 8, 3, 13, 7, 7, 6, 9),
(465, 8, 2, 12, 6, 10, 8, 6),
(466, 8, 12, 22, 9, 8, 9, 6),
(467, 8, 4, 14, 7, 10, 9, 7),
(468, 8, 14, 24, 6, 6, 6, 7),
(469, 8, 8, 18, 10, 10, 7, 8),
(470, 8, 13, 23, 10, 8, 8, 10),
(471, 8, 9, 19, 9, 9, 9, 10),
(472, 8, 7, 17, 6, 6, 6, 10),
(473, 8, 4, 14, 9, 8, 6, 6),
(474, 8, 4, 14, 9, 9, 10, 6),
(475, 8, 8, 18, 9, 9, 8, 9),
(476, 8, 1, 11, 9, 10, 10, 6),
(477, 8, 10, 20, 9, 10, 8, 8),
(478, 8, 12, 22, 10, 10, 8, 9),
(479, 8, 8, 18, 8, 8, 10, 8),
(480, 8, 6, 16, 8, 7, 9, 10);

--
-- Disparadores `calificaciones`
--
DELIMITER $$
CREATE TRIGGER `actualizar_promedio` AFTER INSERT ON `calificaciones` FOR EACH ROW BEGIN
  DECLARE avg_val FLOAT;
  SELECT (Cal_T1 + Cal_T2 + Cal_T3 + Cal_T4) / 4
    INTO avg_val
  FROM calificaciones
  WHERE Cal_ID = NEW.Cal_ID;

  UPDATE alumnos
    SET Alum_Promedio = avg_val
    WHERE use_id = NEW.use_id_alumno;
END
$$
DELIMITER ;

-- --------------------------------------------------------

--
-- Estructura de tabla para la tabla `grupos`
--

CREATE TABLE `grupos` (
  `Grupo_ID` int NOT NULL,
  `Grado` varchar(2) NOT NULL,
  `Grupo` char(1) NOT NULL,
  `Salon_Numero` int DEFAULT NULL
) ENGINE=InnoDB DEFAULT CHARSET=utf8 COLLATE=utf8_general_ci;

--
-- Volcado de datos para la tabla `grupos`
--

INSERT INTO `grupos` (`Grupo_ID`, `Grado`, `Grupo`, `Salon_Numero`) VALUES
(1, '1', 'A', 11),
(2, '1', 'B', 12),
(3, '1', 'C', 13),
(4, '2', 'A', 21),
(5, '2', 'B', 22),
(6, '2', 'C', 23),
(7, '3', 'A', 31),
(8, '3', 'B', 32),
(9, '3', 'C', 33);

-- --------------------------------------------------------

--
-- Estructura de tabla para la tabla `horarios`
--

CREATE TABLE `horarios` (
  `Horario_ID` int NOT NULL,
  `use_id_profesor` int NOT NULL,
  `Grupo_ID` int NOT NULL,
  `Mtr_ID` int NOT NULL,
  `Dia` varchar(10) NOT NULL,
  `Hora_Inicio` time NOT NULL,
  `Hora_Fin` time NOT NULL
) ENGINE=InnoDB DEFAULT CHARSET=utf8 COLLATE=utf8_general_ci;

--
-- Volcado de datos para la tabla `horarios`
--

INSERT INTO `horarios` (`Horario_ID`, `use_id_profesor`, `Grupo_ID`, `Mtr_ID`, `Dia`, `Hora_Inicio`, `Hora_Fin`) VALUES
(1, 17, 1, 7, 'Lunes', '07:00:00', '08:00:00'),
(2, 18, 1, 8, 'Lunes', '08:00:00', '09:00:00'),
(3, 12, 1, 2, 'Lunes', '09:00:00', '10:00:00'),
(4, 11, 1, 1, 'Lunes', '10:00:00', '11:00:00'),
(5, 17, 1, 7, 'Lunes', '11:00:00', '12:00:00'),
(6, 23, 1, 13, 'Lunes', '12:00:00', '13:00:00'),
(7, 16, 1, 6, 'Martes', '07:00:00', '08:00:00'),
(8, 14, 1, 4, 'Martes', '08:00:00', '09:00:00'),
(9, 22, 1, 12, 'Martes', '09:00:00', '10:00:00'),
(10, 13, 1, 3, 'Martes', '10:00:00', '11:00:00'),
(11, 25, 1, 15, 'Martes', '11:00:00', '12:00:00'),
(12, 13, 1, 3, 'Martes', '12:00:00', '13:00:00'),
(13, 23, 1, 13, 'Miércoles', '07:00:00', '08:00:00'),
(14, 23, 1, 13, 'Miércoles', '08:00:00', '09:00:00'),
(15, 19, 1, 9, 'Miércoles', '09:00:00', '10:00:00'),
(16, 14, 1, 4, 'Miércoles', '10:00:00', '11:00:00'),
(17, 15, 1, 5, 'Miércoles', '11:00:00', '12:00:00'),
(18, 21, 1, 11, 'Miércoles', '12:00:00', '13:00:00'),
(19, 19, 1, 9, 'Jueves', '07:00:00', '08:00:00'),
(20, 21, 1, 11, 'Jueves', '08:00:00', '09:00:00'),
(21, 18, 1, 8, 'Jueves', '09:00:00', '10:00:00'),
(22, 24, 1, 14, 'Jueves', '10:00:00', '11:00:00'),
(23, 11, 1, 1, 'Jueves', '11:00:00', '12:00:00'),
(24, 25, 1, 15, 'Jueves', '12:00:00', '13:00:00'),
(25, 12, 1, 2, 'Viernes', '07:00:00', '08:00:00'),
(26, 18, 1, 8, 'Viernes', '08:00:00', '09:00:00'),
(27, 20, 1, 10, 'Viernes', '09:00:00', '10:00:00'),
(28, 21, 1, 11, 'Viernes', '10:00:00', '11:00:00'),
(29, 12, 1, 2, 'Viernes', '11:00:00', '12:00:00'),
(30, 18, 1, 8, 'Viernes', '12:00:00', '13:00:00'),
(31, 19, 2, 9, 'Lunes', '07:00:00', '08:00:00'),
(32, 15, 2, 5, 'Lunes', '08:00:00', '09:00:00'),
(33, 17, 2, 7, 'Lunes', '09:00:00', '10:00:00'),
(34, 14, 2, 4, 'Lunes', '10:00:00', '11:00:00'),
(35, 23, 2, 13, 'Lunes', '11:00:00', '12:00:00'),
(36, 11, 2, 1, 'Lunes', '12:00:00', '13:00:00'),
(37, 15, 2, 5, 'Martes', '07:00:00', '08:00:00'),
(38, 21, 2, 11, 'Martes', '08:00:00', '09:00:00'),
(39, 18, 2, 8, 'Martes', '09:00:00', '10:00:00'),
(40, 23, 2, 13, 'Martes', '10:00:00', '11:00:00'),
(41, 24, 2, 14, 'Martes', '11:00:00', '12:00:00'),
(42, 21, 2, 11, 'Martes', '12:00:00', '13:00:00'),
(43, 12, 2, 2, 'Miércoles', '07:00:00', '08:00:00'),
(44, 14, 2, 4, 'Miércoles', '08:00:00', '09:00:00'),
(45, 14, 2, 4, 'Miércoles', '09:00:00', '10:00:00'),
(46, 21, 2, 11, 'Miércoles', '10:00:00', '11:00:00'),
(47, 23, 2, 13, 'Miércoles', '11:00:00', '12:00:00'),
(48, 17, 2, 7, 'Miércoles', '12:00:00', '13:00:00'),
(49, 21, 2, 11, 'Jueves', '07:00:00', '08:00:00'),
(50, 24, 2, 14, 'Jueves', '08:00:00', '09:00:00'),
(51, 15, 2, 5, 'Jueves', '09:00:00', '10:00:00'),
(52, 17, 2, 7, 'Jueves', '10:00:00', '11:00:00'),
(53, 22, 2, 12, 'Jueves', '11:00:00', '12:00:00'),
(54, 13, 2, 3, 'Jueves', '12:00:00', '13:00:00'),
(55, 11, 2, 1, 'Viernes', '07:00:00', '08:00:00'),
(56, 15, 2, 5, 'Viernes', '08:00:00', '09:00:00'),
(57, 24, 2, 14, 'Viernes', '09:00:00', '10:00:00'),
(58, 22, 2, 12, 'Viernes', '10:00:00', '11:00:00'),
(59, 22, 2, 12, 'Viernes', '11:00:00', '12:00:00'),
(60, 21, 2, 11, 'Viernes', '12:00:00', '13:00:00'),
(61, 12, 3, 2, 'Lunes', '07:00:00', '08:00:00'),
(62, 16, 3, 6, 'Lunes', '08:00:00', '09:00:00'),
(63, 15, 3, 5, 'Lunes', '09:00:00', '10:00:00'),
(64, 17, 3, 7, 'Lunes', '10:00:00', '11:00:00'),
(65, 24, 3, 14, 'Lunes', '11:00:00', '12:00:00'),
(66, 17, 3, 7, 'Lunes', '12:00:00', '13:00:00'),
(67, 16, 3, 6, 'Martes', '07:00:00', '08:00:00'),
(68, 22, 3, 12, 'Martes', '08:00:00', '09:00:00'),
(69, 17, 3, 7, 'Martes', '09:00:00', '10:00:00'),
(70, 15, 3, 5, 'Martes', '10:00:00', '11:00:00'),
(71, 16, 3, 6, 'Martes', '11:00:00', '12:00:00'),
(72, 14, 3, 4, 'Martes', '12:00:00', '13:00:00'),
(73, 18, 3, 8, 'Miércoles', '07:00:00', '08:00:00'),
(74, 19, 3, 9, 'Miércoles', '08:00:00', '09:00:00'),
(75, 22, 3, 12, 'Miércoles', '09:00:00', '10:00:00'),
(76, 25, 3, 15, 'Miércoles', '10:00:00', '11:00:00'),
(77, 20, 3, 10, 'Miércoles', '11:00:00', '12:00:00'),
(78, 18, 3, 8, 'Miércoles', '12:00:00', '13:00:00'),
(79, 19, 3, 9, 'Jueves', '07:00:00', '08:00:00'),
(80, 17, 3, 7, 'Jueves', '08:00:00', '09:00:00'),
(81, 18, 3, 8, 'Jueves', '09:00:00', '10:00:00'),
(82, 13, 3, 3, 'Jueves', '10:00:00', '11:00:00'),
(83, 19, 3, 9, 'Jueves', '11:00:00', '12:00:00'),
(84, 15, 3, 5, 'Jueves', '12:00:00', '13:00:00'),
(85, 24, 3, 14, 'Viernes', '07:00:00', '08:00:00'),
(86, 11, 3, 1, 'Viernes', '08:00:00', '09:00:00'),
(87, 19, 3, 9, 'Viernes', '09:00:00', '10:00:00'),
(88, 14, 3, 4, 'Viernes', '10:00:00', '11:00:00'),
(89, 20, 3, 10, 'Viernes', '11:00:00', '12:00:00'),
(90, 15, 3, 5, 'Viernes', '12:00:00', '13:00:00'),
(91, 12, 4, 2, 'Lunes', '07:00:00', '08:00:00'),
(92, 17, 4, 7, 'Lunes', '08:00:00', '09:00:00'),
(93, 22, 4, 12, 'Lunes', '09:00:00', '10:00:00'),
(94, 16, 4, 6, 'Lunes', '10:00:00', '11:00:00'),
(95, 21, 4, 11, 'Lunes', '11:00:00', '12:00:00'),
(96, 21, 4, 11, 'Lunes', '12:00:00', '13:00:00'),
(97, 17, 4, 7, 'Martes', '07:00:00', '08:00:00'),
(98, 18, 4, 8, 'Martes', '08:00:00', '09:00:00'),
(99, 15, 4, 5, 'Martes', '09:00:00', '10:00:00'),
(100, 17, 4, 7, 'Martes', '10:00:00', '11:00:00'),
(101, 19, 4, 9, 'Martes', '11:00:00', '12:00:00'),
(102, 19, 4, 9, 'Martes', '12:00:00', '13:00:00'),
(103, 13, 4, 3, 'Miércoles', '07:00:00', '08:00:00'),
(104, 18, 4, 8, 'Miércoles', '08:00:00', '09:00:00'),
(105, 17, 4, 7, 'Miércoles', '09:00:00', '10:00:00'),
(106, 16, 4, 6, 'Miércoles', '10:00:00', '11:00:00'),
(107, 21, 4, 11, 'Miércoles', '11:00:00', '12:00:00'),
(108, 23, 4, 13, 'Miércoles', '12:00:00', '13:00:00'),
(109, 14, 4, 4, 'Jueves', '07:00:00', '08:00:00'),
(110, 11, 4, 1, 'Jueves', '08:00:00', '09:00:00'),
(111, 13, 4, 3, 'Jueves', '09:00:00', '10:00:00'),
(112, 24, 4, 14, 'Jueves', '10:00:00', '11:00:00'),
(113, 23, 4, 13, 'Jueves', '11:00:00', '12:00:00'),
(114, 18, 4, 8, 'Jueves', '12:00:00', '13:00:00'),
(115, 21, 4, 11, 'Viernes', '07:00:00', '08:00:00'),
(116, 20, 4, 10, 'Viernes', '08:00:00', '09:00:00'),
(117, 18, 4, 8, 'Viernes', '09:00:00', '10:00:00'),
(118, 16, 4, 6, 'Viernes', '10:00:00', '11:00:00'),
(119, 18, 4, 8, 'Viernes', '11:00:00', '12:00:00'),
(120, 14, 4, 4, 'Viernes', '12:00:00', '13:00:00'),
(121, 16, 5, 6, 'Lunes', '07:00:00', '08:00:00'),
(122, 22, 5, 12, 'Lunes', '08:00:00', '09:00:00'),
(123, 16, 5, 6, 'Lunes', '09:00:00', '10:00:00'),
(124, 23, 5, 13, 'Lunes', '10:00:00', '11:00:00'),
(125, 20, 5, 10, 'Lunes', '11:00:00', '12:00:00'),
(126, 15, 5, 5, 'Lunes', '12:00:00', '13:00:00'),
(127, 16, 5, 6, 'Martes', '07:00:00', '08:00:00'),
(128, 17, 5, 7, 'Martes', '08:00:00', '09:00:00'),
(129, 14, 5, 4, 'Martes', '09:00:00', '10:00:00'),
(130, 25, 5, 15, 'Martes', '10:00:00', '11:00:00'),
(131, 16, 5, 6, 'Martes', '11:00:00', '12:00:00'),
(132, 13, 5, 3, 'Martes', '12:00:00', '13:00:00'),
(133, 18, 5, 8, 'Miércoles', '07:00:00', '08:00:00'),
(134, 12, 5, 2, 'Miércoles', '08:00:00', '09:00:00'),
(135, 24, 5, 14, 'Miércoles', '09:00:00', '10:00:00'),
(136, 13, 5, 3, 'Miércoles', '10:00:00', '11:00:00'),
(137, 11, 5, 1, 'Miércoles', '11:00:00', '12:00:00'),
(138, 15, 5, 5, 'Miércoles', '12:00:00', '13:00:00'),
(139, 23, 5, 13, 'Jueves', '07:00:00', '08:00:00'),
(140, 13, 5, 3, 'Jueves', '08:00:00', '09:00:00'),
(141, 18, 5, 8, 'Jueves', '09:00:00', '10:00:00'),
(142, 25, 5, 15, 'Jueves', '10:00:00', '11:00:00'),
(143, 24, 5, 14, 'Jueves', '11:00:00', '12:00:00'),
(144, 13, 5, 3, 'Jueves', '12:00:00', '13:00:00'),
(145, 23, 5, 13, 'Viernes', '07:00:00', '08:00:00'),
(146, 20, 5, 10, 'Viernes', '08:00:00', '09:00:00'),
(147, 21, 5, 11, 'Viernes', '09:00:00', '10:00:00'),
(148, 14, 5, 4, 'Viernes', '10:00:00', '11:00:00'),
(149, 19, 5, 9, 'Viernes', '11:00:00', '12:00:00'),
(150, 14, 5, 4, 'Viernes', '12:00:00', '13:00:00'),
(151, 24, 6, 14, 'Lunes', '07:00:00', '08:00:00'),
(152, 13, 6, 3, 'Lunes', '08:00:00', '09:00:00'),
(153, 18, 6, 8, 'Lunes', '09:00:00', '10:00:00'),
(154, 17, 6, 7, 'Lunes', '10:00:00', '11:00:00'),
(155, 23, 6, 13, 'Lunes', '11:00:00', '12:00:00'),
(156, 12, 6, 2, 'Lunes', '12:00:00', '13:00:00'),
(157, 19, 6, 9, 'Martes', '07:00:00', '08:00:00'),
(158, 23, 6, 13, 'Martes', '08:00:00', '09:00:00'),
(159, 23, 6, 13, 'Martes', '09:00:00', '10:00:00'),
(160, 25, 6, 15, 'Martes', '10:00:00', '11:00:00'),
(161, 16, 6, 6, 'Martes', '11:00:00', '12:00:00'),
(162, 25, 6, 15, 'Martes', '12:00:00', '13:00:00'),
(163, 17, 6, 7, 'Miércoles', '07:00:00', '08:00:00'),
(164, 24, 6, 14, 'Miércoles', '08:00:00', '09:00:00'),
(165, 22, 6, 12, 'Miércoles', '09:00:00', '10:00:00'),
(166, 24, 6, 14, 'Miércoles', '10:00:00', '11:00:00'),
(167, 15, 6, 5, 'Miércoles', '11:00:00', '12:00:00'),
(168, 14, 6, 4, 'Miércoles', '12:00:00', '13:00:00'),
(169, 13, 6, 3, 'Jueves', '07:00:00', '08:00:00'),
(170, 20, 6, 10, 'Jueves', '08:00:00', '09:00:00'),
(171, 15, 6, 5, 'Jueves', '09:00:00', '10:00:00'),
(172, 12, 6, 2, 'Jueves', '10:00:00', '11:00:00'),
(173, 14, 6, 4, 'Jueves', '11:00:00', '12:00:00'),
(174, 16, 6, 6, 'Jueves', '12:00:00', '13:00:00'),
(175, 25, 6, 15, 'Viernes', '07:00:00', '08:00:00'),
(176, 17, 6, 7, 'Viernes', '08:00:00', '09:00:00'),
(177, 13, 6, 3, 'Viernes', '09:00:00', '10:00:00'),
(178, 11, 6, 1, 'Viernes', '10:00:00', '11:00:00'),
(179, 23, 6, 13, 'Viernes', '11:00:00', '12:00:00'),
(180, 18, 6, 8, 'Viernes', '12:00:00', '13:00:00'),
(181, 24, 7, 14, 'Lunes', '07:00:00', '08:00:00'),
(182, 13, 7, 3, 'Lunes', '08:00:00', '09:00:00'),
(183, 18, 7, 8, 'Lunes', '09:00:00', '10:00:00'),
(184, 19, 7, 9, 'Lunes', '10:00:00', '11:00:00'),
(185, 20, 7, 10, 'Lunes', '11:00:00', '12:00:00'),
(186, 23, 7, 13, 'Lunes', '12:00:00', '13:00:00'),
(187, 22, 7, 12, 'Martes', '07:00:00', '08:00:00'),
(188, 24, 7, 14, 'Martes', '08:00:00', '09:00:00'),
(189, 22, 7, 12, 'Martes', '09:00:00', '10:00:00'),
(190, 15, 7, 5, 'Martes', '10:00:00', '11:00:00'),
(191, 17, 7, 7, 'Martes', '11:00:00', '12:00:00'),
(192, 19, 7, 9, 'Martes', '12:00:00', '13:00:00'),
(193, 21, 7, 11, 'Miércoles', '07:00:00', '08:00:00'),
(194, 12, 7, 2, 'Miércoles', '08:00:00', '09:00:00'),
(195, 19, 7, 9, 'Miércoles', '09:00:00', '10:00:00'),
(196, 17, 7, 7, 'Miércoles', '10:00:00', '11:00:00'),
(197, 17, 7, 7, 'Miércoles', '11:00:00', '12:00:00'),
(198, 11, 7, 1, 'Miércoles', '12:00:00', '13:00:00'),
(199, 24, 7, 14, 'Jueves', '07:00:00', '08:00:00'),
(200, 14, 7, 4, 'Jueves', '08:00:00', '09:00:00'),
(201, 17, 7, 7, 'Jueves', '09:00:00', '10:00:00'),
(202, 23, 7, 13, 'Jueves', '10:00:00', '11:00:00'),
(203, 19, 7, 9, 'Jueves', '11:00:00', '12:00:00'),
(204, 22, 7, 12, 'Jueves', '12:00:00', '13:00:00'),
(205, 21, 7, 11, 'Viernes', '07:00:00', '08:00:00'),
(206, 22, 7, 12, 'Viernes', '08:00:00', '09:00:00'),
(207, 19, 7, 9, 'Viernes', '09:00:00', '10:00:00'),
(208, 25, 7, 15, 'Viernes', '10:00:00', '11:00:00'),
(209, 25, 7, 15, 'Viernes', '11:00:00', '12:00:00'),
(210, 23, 7, 13, 'Viernes', '12:00:00', '13:00:00'),
(211, 17, 8, 7, 'Lunes', '07:00:00', '08:00:00'),
(212, 11, 8, 1, 'Lunes', '08:00:00', '09:00:00'),
(213, 13, 8, 3, 'Lunes', '09:00:00', '10:00:00'),
(214, 18, 8, 8, 'Lunes', '10:00:00', '11:00:00'),
(215, 16, 8, 6, 'Lunes', '11:00:00', '12:00:00'),
(216, 16, 8, 6, 'Lunes', '12:00:00', '13:00:00'),
(217, 12, 8, 2, 'Martes', '07:00:00', '08:00:00'),
(218, 22, 8, 12, 'Martes', '08:00:00', '09:00:00'),
(219, 20, 8, 10, 'Martes', '09:00:00', '10:00:00'),
(220, 22, 8, 12, 'Martes', '10:00:00', '11:00:00'),
(221, 23, 8, 13, 'Martes', '11:00:00', '12:00:00'),
(222, 15, 8, 5, 'Martes', '12:00:00', '13:00:00'),
(223, 21, 8, 11, 'Miércoles', '07:00:00', '08:00:00'),
(224, 17, 8, 7, 'Miércoles', '08:00:00', '09:00:00'),
(225, 20, 8, 10, 'Miércoles', '09:00:00', '10:00:00'),
(226, 15, 8, 5, 'Miércoles', '10:00:00', '11:00:00'),
(227, 17, 8, 7, 'Miércoles', '11:00:00', '12:00:00'),
(228, 19, 8, 9, 'Miércoles', '12:00:00', '13:00:00'),
(229, 13, 8, 3, 'Jueves', '07:00:00', '08:00:00'),
(230, 22, 8, 12, 'Jueves', '08:00:00', '09:00:00'),
(231, 24, 8, 14, 'Jueves', '09:00:00', '10:00:00'),
(232, 23, 8, 13, 'Jueves', '10:00:00', '11:00:00'),
(233, 18, 8, 8, 'Jueves', '11:00:00', '12:00:00'),
(234, 23, 8, 13, 'Jueves', '12:00:00', '13:00:00'),
(235, 14, 8, 4, 'Viernes', '07:00:00', '08:00:00'),
(236, 22, 8, 12, 'Viernes', '08:00:00', '09:00:00'),
(237, 25, 8, 15, 'Viernes', '09:00:00', '10:00:00'),
(238, 23, 8, 13, 'Viernes', '10:00:00', '11:00:00'),
(239, 23, 8, 13, 'Viernes', '11:00:00', '12:00:00'),
(240, 24, 8, 14, 'Viernes', '12:00:00', '13:00:00'),
(241, 14, 9, 4, 'Lunes', '07:00:00', '08:00:00'),
(242, 15, 9, 5, 'Lunes', '08:00:00', '09:00:00'),
(243, 19, 9, 9, 'Lunes', '09:00:00', '10:00:00'),
(244, 22, 9, 12, 'Lunes', '10:00:00', '11:00:00'),
(245, 18, 9, 8, 'Lunes', '11:00:00', '12:00:00'),
(246, 25, 9, 15, 'Lunes', '12:00:00', '13:00:00'),
(247, 25, 9, 15, 'Martes', '07:00:00', '08:00:00'),
(248, 13, 9, 3, 'Martes', '08:00:00', '09:00:00'),
(249, 15, 9, 5, 'Martes', '09:00:00', '10:00:00'),
(250, 14, 9, 4, 'Martes', '10:00:00', '11:00:00'),
(251, 18, 9, 8, 'Martes', '11:00:00', '12:00:00'),
(252, 12, 9, 2, 'Martes', '12:00:00', '13:00:00'),
(253, 25, 9, 15, 'Miércoles', '07:00:00', '08:00:00'),
(254, 17, 9, 7, 'Miércoles', '08:00:00', '09:00:00'),
(255, 12, 9, 2, 'Miércoles', '09:00:00', '10:00:00'),
(256, 19, 9, 9, 'Miércoles', '10:00:00', '11:00:00'),
(257, 25, 9, 15, 'Miércoles', '11:00:00', '12:00:00'),
(258, 12, 9, 2, 'Miércoles', '12:00:00', '13:00:00'),
(259, 14, 9, 4, 'Jueves', '07:00:00', '08:00:00'),
(260, 13, 9, 3, 'Jueves', '08:00:00', '09:00:00'),
(261, 12, 9, 2, 'Jueves', '09:00:00', '10:00:00'),
(262, 13, 9, 3, 'Jueves', '10:00:00', '11:00:00'),
(263, 25, 9, 15, 'Jueves', '11:00:00', '12:00:00'),
(264, 19, 9, 9, 'Jueves', '12:00:00', '13:00:00'),
(265, 13, 9, 3, 'Viernes', '07:00:00', '08:00:00'),
(266, 17, 9, 7, 'Viernes', '08:00:00', '09:00:00'),
(267, 23, 9, 13, 'Viernes', '09:00:00', '10:00:00'),
(268, 23, 9, 13, 'Viernes', '10:00:00', '11:00:00'),
(269, 15, 9, 5, 'Viernes', '11:00:00', '12:00:00'),
(270, 11, 9, 1, 'Viernes', '12:00:00', '13:00:00'),
(271, 16, 1, 6, 'Lunes', '14:00:00', '15:00:00'),
(272, 24, 1, 14, 'Lunes', '15:00:00', '16:00:00'),
(273, 17, 1, 7, 'Lunes', '16:00:00', '17:00:00'),
(274, 21, 1, 11, 'Lunes', '17:00:00', '18:00:00'),
(275, 19, 1, 9, 'Lunes', '18:00:00', '19:00:00'),
(276, 11, 1, 1, 'Lunes', '19:00:00', '20:00:00'),
(277, 13, 1, 3, 'Martes', '14:00:00', '15:00:00'),
(278, 11, 1, 1, 'Martes', '15:00:00', '16:00:00'),
(279, 14, 1, 4, 'Martes', '16:00:00', '17:00:00'),
(280, 25, 1, 15, 'Martes', '17:00:00', '18:00:00'),
(281, 20, 1, 10, 'Martes', '18:00:00', '19:00:00'),
(282, 22, 1, 12, 'Martes', '19:00:00', '20:00:00'),
(283, 15, 1, 5, 'Miércoles', '14:00:00', '15:00:00'),
(284, 15, 1, 5, 'Miércoles', '15:00:00', '16:00:00'),
(285, 23, 1, 13, 'Miércoles', '16:00:00', '17:00:00'),
(286, 13, 1, 3, 'Miércoles', '17:00:00', '18:00:00'),
(287, 17, 1, 7, 'Miércoles', '18:00:00', '19:00:00'),
(288, 17, 1, 7, 'Miércoles', '19:00:00', '20:00:00'),
(289, 15, 1, 5, 'Jueves', '14:00:00', '15:00:00'),
(290, 20, 1, 10, 'Jueves', '15:00:00', '16:00:00'),
(291, 24, 1, 14, 'Jueves', '16:00:00', '17:00:00'),
(292, 19, 1, 9, 'Jueves', '17:00:00', '18:00:00'),
(293, 25, 1, 15, 'Jueves', '18:00:00', '19:00:00'),
(294, 24, 1, 14, 'Jueves', '19:00:00', '20:00:00'),
(295, 12, 1, 2, 'Viernes', '14:00:00', '15:00:00'),
(296, 17, 1, 7, 'Viernes', '15:00:00', '16:00:00'),
(297, 25, 1, 15, 'Viernes', '16:00:00', '17:00:00'),
(298, 16, 1, 6, 'Viernes', '17:00:00', '18:00:00'),
(299, 19, 1, 9, 'Viernes', '18:00:00', '19:00:00'),
(300, 17, 1, 7, 'Viernes', '19:00:00', '20:00:00'),
(301, 13, 2, 3, 'Lunes', '14:00:00', '15:00:00'),
(302, 25, 2, 15, 'Lunes', '15:00:00', '16:00:00'),
(303, 11, 2, 1, 'Lunes', '16:00:00', '17:00:00'),
(304, 21, 2, 11, 'Lunes', '17:00:00', '18:00:00'),
(305, 22, 2, 12, 'Lunes', '18:00:00', '19:00:00'),
(306, 14, 2, 4, 'Lunes', '19:00:00', '20:00:00'),
(307, 23, 2, 13, 'Martes', '14:00:00', '15:00:00'),
(308, 16, 2, 6, 'Martes', '15:00:00', '16:00:00'),
(309, 21, 2, 11, 'Martes', '16:00:00', '17:00:00'),
(310, 20, 2, 10, 'Martes', '17:00:00', '18:00:00'),
(311, 19, 2, 9, 'Martes', '18:00:00', '19:00:00'),
(312, 19, 2, 9, 'Martes', '19:00:00', '20:00:00'),
(313, 24, 2, 14, 'Miércoles', '14:00:00', '15:00:00'),
(314, 14, 2, 4, 'Miércoles', '15:00:00', '16:00:00'),
(315, 15, 2, 5, 'Miércoles', '16:00:00', '17:00:00'),
(316, 14, 2, 4, 'Miércoles', '17:00:00', '18:00:00'),
(317, 13, 2, 3, 'Miércoles', '18:00:00', '19:00:00'),
(318, 15, 2, 5, 'Miércoles', '19:00:00', '20:00:00'),
(319, 19, 2, 9, 'Jueves', '14:00:00', '15:00:00'),
(320, 15, 2, 5, 'Jueves', '15:00:00', '16:00:00'),
(321, 13, 2, 3, 'Jueves', '16:00:00', '17:00:00'),
(322, 24, 2, 14, 'Jueves', '17:00:00', '18:00:00'),
(323, 11, 2, 1, 'Jueves', '18:00:00', '19:00:00'),
(324, 19, 2, 9, 'Jueves', '19:00:00', '20:00:00'),
(325, 18, 2, 8, 'Viernes', '14:00:00', '15:00:00'),
(326, 20, 2, 10, 'Viernes', '15:00:00', '16:00:00'),
(327, 18, 2, 8, 'Viernes', '16:00:00', '17:00:00'),
(328, 24, 2, 14, 'Viernes', '17:00:00', '18:00:00'),
(329, 14, 2, 4, 'Viernes', '18:00:00', '19:00:00'),
(330, 19, 2, 9, 'Viernes', '19:00:00', '20:00:00'),
(331, 24, 3, 14, 'Lunes', '14:00:00', '15:00:00'),
(332, 15, 3, 5, 'Lunes', '15:00:00', '16:00:00'),
(333, 18, 3, 8, 'Lunes', '16:00:00', '17:00:00'),
(334, 24, 3, 14, 'Lunes', '17:00:00', '18:00:00'),
(335, 15, 3, 5, 'Lunes', '18:00:00', '19:00:00'),
(336, 17, 3, 7, 'Lunes', '19:00:00', '20:00:00'),
(337, 15, 3, 5, 'Martes', '14:00:00', '15:00:00'),
(338, 17, 3, 7, 'Martes', '15:00:00', '16:00:00'),
(339, 24, 3, 14, 'Martes', '16:00:00', '17:00:00'),
(340, 16, 3, 6, 'Martes', '17:00:00', '18:00:00'),
(341, 22, 3, 12, 'Martes', '18:00:00', '19:00:00'),
(342, 21, 3, 11, 'Martes', '19:00:00', '20:00:00'),
(343, 21, 3, 11, 'Miércoles', '14:00:00', '15:00:00'),
(344, 20, 3, 10, 'Miércoles', '15:00:00', '16:00:00'),
(345, 21, 3, 11, 'Miércoles', '16:00:00', '17:00:00'),
(346, 11, 3, 1, 'Miércoles', '17:00:00', '18:00:00'),
(347, 16, 3, 6, 'Miércoles', '18:00:00', '19:00:00'),
(348, 15, 3, 5, 'Miércoles', '19:00:00', '20:00:00'),
(349, 11, 3, 1, 'Jueves', '14:00:00', '15:00:00'),
(350, 19, 3, 9, 'Jueves', '15:00:00', '16:00:00'),
(351, 13, 3, 3, 'Jueves', '16:00:00', '17:00:00'),
(352, 11, 3, 1, 'Jueves', '17:00:00', '18:00:00'),
(353, 11, 3, 1, 'Jueves', '18:00:00', '19:00:00'),
(354, 20, 3, 10, 'Jueves', '19:00:00', '20:00:00'),
(355, 21, 3, 11, 'Viernes', '14:00:00', '15:00:00'),
(356, 16, 3, 6, 'Viernes', '15:00:00', '16:00:00'),
(357, 24, 3, 14, 'Viernes', '16:00:00', '17:00:00'),
(358, 13, 3, 3, 'Viernes', '17:00:00', '18:00:00'),
(359, 22, 3, 12, 'Viernes', '18:00:00', '19:00:00'),
(360, 12, 3, 2, 'Viernes', '19:00:00', '20:00:00'),
(361, 25, 4, 15, 'Lunes', '14:00:00', '15:00:00'),
(362, 17, 4, 7, 'Lunes', '15:00:00', '16:00:00'),
(363, 15, 4, 5, 'Lunes', '16:00:00', '17:00:00'),
(364, 23, 4, 13, 'Lunes', '17:00:00', '18:00:00'),
(365, 21, 4, 11, 'Lunes', '18:00:00', '19:00:00'),
(366, 13, 4, 3, 'Lunes', '19:00:00', '20:00:00'),
(367, 24, 4, 14, 'Martes', '14:00:00', '15:00:00'),
(368, 17, 4, 7, 'Martes', '15:00:00', '16:00:00'),
(369, 13, 4, 3, 'Martes', '16:00:00', '17:00:00'),
(370, 25, 4, 15, 'Martes', '17:00:00', '18:00:00'),
(371, 16, 4, 6, 'Martes', '18:00:00', '19:00:00'),
(372, 18, 4, 8, 'Martes', '19:00:00', '20:00:00'),
(373, 18, 4, 8, 'Miércoles', '14:00:00', '15:00:00'),
(374, 21, 4, 11, 'Miércoles', '15:00:00', '16:00:00'),
(375, 13, 4, 3, 'Miércoles', '16:00:00', '17:00:00'),
(376, 20, 4, 10, 'Miércoles', '17:00:00', '18:00:00'),
(377, 12, 4, 2, 'Miércoles', '18:00:00', '19:00:00'),
(378, 14, 4, 4, 'Miércoles', '19:00:00', '20:00:00'),
(379, 15, 4, 5, 'Jueves', '14:00:00', '15:00:00'),
(380, 24, 4, 14, 'Jueves', '15:00:00', '16:00:00'),
(381, 12, 4, 2, 'Jueves', '16:00:00', '17:00:00'),
(382, 20, 4, 10, 'Jueves', '17:00:00', '18:00:00'),
(383, 19, 4, 9, 'Jueves', '18:00:00', '19:00:00'),
(384, 21, 4, 11, 'Jueves', '19:00:00', '20:00:00'),
(385, 24, 4, 14, 'Viernes', '14:00:00', '15:00:00'),
(386, 22, 4, 12, 'Viernes', '15:00:00', '16:00:00'),
(387, 15, 4, 5, 'Viernes', '16:00:00', '17:00:00'),
(388, 11, 4, 1, 'Viernes', '17:00:00', '18:00:00'),
(389, 23, 4, 13, 'Viernes', '18:00:00', '19:00:00'),
(390, 24, 4, 14, 'Viernes', '19:00:00', '20:00:00'),
(391, 21, 5, 11, 'Lunes', '14:00:00', '15:00:00'),
(392, 25, 5, 15, 'Lunes', '15:00:00', '16:00:00'),
(393, 23, 5, 13, 'Lunes', '16:00:00', '17:00:00'),
(394, 20, 5, 10, 'Lunes', '17:00:00', '18:00:00'),
(395, 11, 5, 1, 'Lunes', '18:00:00', '19:00:00'),
(396, 25, 5, 15, 'Lunes', '19:00:00', '20:00:00'),
(397, 11, 5, 1, 'Martes', '14:00:00', '15:00:00'),
(398, 24, 5, 14, 'Martes', '15:00:00', '16:00:00'),
(399, 15, 5, 5, 'Martes', '16:00:00', '17:00:00'),
(400, 21, 5, 11, 'Martes', '17:00:00', '18:00:00'),
(401, 13, 5, 3, 'Martes', '18:00:00', '19:00:00'),
(402, 12, 5, 2, 'Martes', '19:00:00', '20:00:00'),
(403, 16, 5, 6, 'Miércoles', '14:00:00', '15:00:00'),
(404, 14, 5, 4, 'Miércoles', '15:00:00', '16:00:00'),
(405, 19, 5, 9, 'Miércoles', '16:00:00', '17:00:00'),
(406, 23, 5, 13, 'Miércoles', '17:00:00', '18:00:00'),
(407, 13, 5, 3, 'Miércoles', '18:00:00', '19:00:00'),
(408, 23, 5, 13, 'Miércoles', '19:00:00', '20:00:00'),
(409, 14, 5, 4, 'Jueves', '14:00:00', '15:00:00'),
(410, 14, 5, 4, 'Jueves', '15:00:00', '16:00:00'),
(411, 23, 5, 13, 'Jueves', '16:00:00', '17:00:00'),
(412, 23, 5, 13, 'Jueves', '17:00:00', '18:00:00'),
(413, 20, 5, 10, 'Jueves', '18:00:00', '19:00:00'),
(414, 13, 5, 3, 'Jueves', '19:00:00', '20:00:00'),
(415, 12, 5, 2, 'Viernes', '14:00:00', '15:00:00'),
(416, 18, 5, 8, 'Viernes', '15:00:00', '16:00:00'),
(417, 23, 5, 13, 'Viernes', '16:00:00', '17:00:00'),
(418, 21, 5, 11, 'Viernes', '17:00:00', '18:00:00'),
(419, 21, 5, 11, 'Viernes', '18:00:00', '19:00:00'),
(420, 21, 5, 11, 'Viernes', '19:00:00', '20:00:00'),
(421, 18, 6, 8, 'Lunes', '14:00:00', '15:00:00'),
(422, 21, 6, 11, 'Lunes', '15:00:00', '16:00:00'),
(423, 25, 6, 15, 'Lunes', '16:00:00', '17:00:00'),
(424, 16, 6, 6, 'Lunes', '17:00:00', '18:00:00'),
(425, 17, 6, 7, 'Lunes', '18:00:00', '19:00:00'),
(426, 21, 6, 11, 'Lunes', '19:00:00', '20:00:00'),
(427, 20, 6, 10, 'Martes', '14:00:00', '15:00:00'),
(428, 23, 6, 13, 'Martes', '15:00:00', '16:00:00'),
(429, 24, 6, 14, 'Martes', '16:00:00', '17:00:00'),
(430, 18, 6, 8, 'Martes', '17:00:00', '18:00:00'),
(431, 15, 6, 5, 'Martes', '18:00:00', '19:00:00'),
(432, 17, 6, 7, 'Martes', '19:00:00', '20:00:00'),
(433, 24, 6, 14, 'Miércoles', '14:00:00', '15:00:00'),
(434, 14, 6, 4, 'Miércoles', '15:00:00', '16:00:00'),
(435, 13, 6, 3, 'Miércoles', '16:00:00', '17:00:00'),
(436, 11, 6, 1, 'Miércoles', '17:00:00', '18:00:00'),
(437, 12, 6, 2, 'Miércoles', '18:00:00', '19:00:00'),
(438, 20, 6, 10, 'Miércoles', '19:00:00', '20:00:00'),
(439, 16, 6, 6, 'Jueves', '14:00:00', '15:00:00'),
(440, 12, 6, 2, 'Jueves', '15:00:00', '16:00:00'),
(441, 18, 6, 8, 'Jueves', '16:00:00', '17:00:00'),
(442, 17, 6, 7, 'Jueves', '17:00:00', '18:00:00'),
(443, 18, 6, 8, 'Jueves', '18:00:00', '19:00:00'),
(444, 14, 6, 4, 'Jueves', '19:00:00', '20:00:00'),
(445, 20, 6, 10, 'Viernes', '14:00:00', '15:00:00'),
(446, 16, 6, 6, 'Viernes', '15:00:00', '16:00:00'),
(447, 22, 6, 12, 'Viernes', '16:00:00', '17:00:00'),
(448, 18, 6, 8, 'Viernes', '17:00:00', '18:00:00'),
(449, 11, 6, 1, 'Viernes', '18:00:00', '19:00:00'),
(450, 22, 6, 12, 'Viernes', '19:00:00', '20:00:00'),
(451, 18, 7, 8, 'Lunes', '14:00:00', '15:00:00'),
(452, 22, 7, 12, 'Lunes', '15:00:00', '16:00:00'),
(453, 25, 7, 15, 'Lunes', '16:00:00', '17:00:00'),
(454, 20, 7, 10, 'Lunes', '17:00:00', '18:00:00'),
(455, 18, 7, 8, 'Lunes', '18:00:00', '19:00:00'),
(456, 20, 7, 10, 'Lunes', '19:00:00', '20:00:00'),
(457, 11, 7, 1, 'Martes', '14:00:00', '15:00:00'),
(458, 25, 7, 15, 'Martes', '15:00:00', '16:00:00'),
(459, 11, 7, 1, 'Martes', '16:00:00', '17:00:00'),
(460, 21, 7, 11, 'Martes', '17:00:00', '18:00:00'),
(461, 22, 7, 12, 'Martes', '18:00:00', '19:00:00'),
(462, 16, 7, 6, 'Martes', '19:00:00', '20:00:00'),
(463, 19, 7, 9, 'Miércoles', '14:00:00', '15:00:00'),
(464, 13, 7, 3, 'Miércoles', '15:00:00', '16:00:00'),
(465, 12, 7, 2, 'Miércoles', '16:00:00', '17:00:00'),
(466, 22, 7, 12, 'Miércoles', '17:00:00', '18:00:00'),
(467, 14, 7, 4, 'Miércoles', '18:00:00', '19:00:00'),
(468, 24, 7, 14, 'Miércoles', '19:00:00', '20:00:00'),
(469, 18, 7, 8, 'Jueves', '14:00:00', '15:00:00'),
(470, 23, 7, 13, 'Jueves', '15:00:00', '16:00:00'),
(471, 19, 7, 9, 'Jueves', '16:00:00', '17:00:00'),
(472, 17, 7, 7, 'Jueves', '17:00:00', '18:00:00'),
(473, 14, 7, 4, 'Jueves', '18:00:00', '19:00:00'),
(474, 14, 7, 4, 'Jueves', '19:00:00', '20:00:00'),
(475, 18, 7, 8, 'Viernes', '14:00:00', '15:00:00'),
(476, 11, 7, 1, 'Viernes', '15:00:00', '16:00:00'),
(477, 20, 7, 10, 'Viernes', '16:00:00', '17:00:00'),
(478, 22, 7, 12, 'Viernes', '17:00:00', '18:00:00'),
(479, 18, 7, 8, 'Viernes', '18:00:00', '19:00:00'),
(480, 16, 7, 6, 'Viernes', '19:00:00', '20:00:00'),
(481, 21, 8, 11, 'Lunes', '14:00:00', '15:00:00'),
(482, 20, 8, 10, 'Lunes', '15:00:00', '16:00:00'),
(483, 24, 8, 14, 'Lunes', '16:00:00', '17:00:00'),
(484, 21, 8, 11, 'Lunes', '17:00:00', '18:00:00'),
(485, 19, 8, 9, 'Lunes', '18:00:00', '19:00:00'),
(486, 14, 8, 4, 'Lunes', '19:00:00', '20:00:00'),
(487, 13, 8, 3, 'Martes', '14:00:00', '15:00:00'),
(488, 25, 8, 15, 'Martes', '15:00:00', '16:00:00'),
(489, 25, 8, 15, 'Martes', '16:00:00', '17:00:00'),
(490, 18, 8, 8, 'Martes', '17:00:00', '18:00:00'),
(491, 14, 8, 4, 'Martes', '18:00:00', '19:00:00'),
(492, 17, 8, 7, 'Martes', '19:00:00', '20:00:00'),
(493, 20, 8, 10, 'Miércoles', '14:00:00', '15:00:00'),
(494, 21, 8, 11, 'Miércoles', '15:00:00', '16:00:00'),
(495, 20, 8, 10, 'Miércoles', '16:00:00', '17:00:00'),
(496, 13, 8, 3, 'Miércoles', '17:00:00', '18:00:00'),
(497, 20, 8, 10, 'Miércoles', '18:00:00', '19:00:00'),
(498, 14, 8, 4, 'Miércoles', '19:00:00', '20:00:00'),
(499, 15, 8, 5, 'Jueves', '14:00:00', '15:00:00'),
(500, 20, 8, 10, 'Jueves', '15:00:00', '16:00:00'),
(501, 13, 8, 3, 'Jueves', '16:00:00', '17:00:00'),
(502, 13, 8, 3, 'Jueves', '17:00:00', '18:00:00'),
(503, 13, 8, 3, 'Jueves', '18:00:00', '19:00:00'),
(504, 25, 8, 15, 'Jueves', '19:00:00', '20:00:00'),
(505, 11, 8, 1, 'Viernes', '14:00:00', '15:00:00'),
(506, 13, 8, 3, 'Viernes', '15:00:00', '16:00:00'),
(507, 23, 8, 13, 'Viernes', '16:00:00', '17:00:00'),
(508, 22, 8, 12, 'Viernes', '17:00:00', '18:00:00'),
(509, 20, 8, 10, 'Viernes', '18:00:00', '19:00:00'),
(510, 23, 8, 13, 'Viernes', '19:00:00', '20:00:00'),
(511, 25, 9, 15, 'Lunes', '14:00:00', '15:00:00'),
(512, 20, 9, 10, 'Lunes', '15:00:00', '16:00:00'),
(513, 20, 9, 10, 'Lunes', '16:00:00', '17:00:00'),
(514, 20, 9, 10, 'Lunes', '17:00:00', '18:00:00'),
(515, 14, 9, 4, 'Lunes', '18:00:00', '19:00:00'),
(516, 19, 9, 9, 'Lunes', '19:00:00', '20:00:00'),
(517, 22, 9, 12, 'Martes', '14:00:00', '15:00:00'),
(518, 17, 9, 7, 'Martes', '15:00:00', '16:00:00'),
(519, 11, 9, 1, 'Martes', '16:00:00', '17:00:00'),
(520, 13, 9, 3, 'Martes', '17:00:00', '18:00:00'),
(521, 18, 9, 8, 'Martes', '18:00:00', '19:00:00'),
(522, 16, 9, 6, 'Martes', '19:00:00', '20:00:00'),
(523, 21, 9, 11, 'Miércoles', '14:00:00', '15:00:00'),
(524, 22, 9, 12, 'Miércoles', '15:00:00', '16:00:00'),
(525, 14, 9, 4, 'Miércoles', '16:00:00', '17:00:00'),
(526, 21, 9, 11, 'Miércoles', '17:00:00', '18:00:00'),
(527, 23, 9, 13, 'Miércoles', '18:00:00', '19:00:00'),
(528, 16, 9, 6, 'Miércoles', '19:00:00', '20:00:00'),
(529, 17, 9, 7, 'Jueves', '14:00:00', '15:00:00'),
(530, 16, 9, 6, 'Jueves', '15:00:00', '16:00:00'),
(531, 24, 9, 14, 'Jueves', '16:00:00', '17:00:00'),
(532, 13, 9, 3, 'Jueves', '17:00:00', '18:00:00'),
(533, 25, 9, 15, 'Jueves', '18:00:00', '19:00:00'),
(534, 17, 9, 7, 'Jueves', '19:00:00', '20:00:00'),
(535, 20, 9, 10, 'Viernes', '14:00:00', '15:00:00'),
(536, 18, 9, 8, 'Viernes', '15:00:00', '16:00:00'),
(537, 13, 9, 3, 'Viernes', '16:00:00', '17:00:00'),
(538, 25, 9, 15, 'Viernes', '17:00:00', '18:00:00'),
(539, 14, 9, 4, 'Viernes', '18:00:00', '19:00:00'),
(540, 14, 9, 4, 'Viernes', '19:00:00', '20:00:00');

-- --------------------------------------------------------

--
-- Estructura de tabla para la tabla `materias`
--

CREATE TABLE `materias` (
  `Mtr_ID` int NOT NULL,
  `Mtr_Nombre` varchar(30) NOT NULL,
  `Mtr_Unidades` int NOT NULL,
  `Mtr_Creditos` int DEFAULT NULL
) ENGINE=InnoDB DEFAULT CHARSET=utf8 COLLATE=utf8_general_ci;

--
-- Volcado de datos para la tabla `materias`
--

INSERT INTO `materias` (`Mtr_ID`, `Mtr_Nombre`, `Mtr_Unidades`, `Mtr_Creditos`) VALUES
(1, 'Español I', 3, 10),
(2, 'Matematica I', 3, 10),
(3, 'Ciencias I', 3, 10),
(4, 'Ingles I', 3, 10),
(5, 'Talleres I', 3, 10),
(6, 'Español II', 3, 10),
(7, 'Matematica II', 3, 10),
(8, 'Ciencias II', 3, 10),
(9, 'Ingles II', 3, 10),
(10, 'Talleres II', 3, 10),
(11, 'Español III', 3, 10),
(12, 'Matematica III', 3, 10),
(13, 'Ciencias III', 3, 10),
(14, 'Ingles III', 3, 10),
(15, 'Talleres III', 3, 10);

-- --------------------------------------------------------

--
-- Estructura de tabla para la tabla `profesores`
--

CREATE TABLE `profesores` (
  `use_id` int NOT NULL,
  `Prof_Nombres` varchar(30) NOT NULL,
  `Prof_ApePa` varchar(20) NOT NULL,
  `Prof_ApeMa` varchar(20) NOT NULL,
  `Prof_Turno` char(1) NOT NULL
) ENGINE=InnoDB DEFAULT CHARSET=utf8 COLLATE=utf8_general_ci;

--
-- Volcado de datos para la tabla `profesores`
--

INSERT INTO `profesores` (`use_id`, `Prof_Nombres`, `Prof_ApePa`, `Prof_ApeMa`, `Prof_Turno`) VALUES
(11, 'Fernando', 'González', 'Pérez', 'M'),
(12, 'Juan', 'Martínez', 'González', 'V'),
(13, 'Mauricio', 'Rodríguez', 'Rodríguez', 'M'),
(14, 'Mauricio', 'García', 'López', 'M'),
(15, 'Carmelio', 'Rodríguez', 'Rodríguez', 'V'),
(16, 'Carlos', 'González', 'García', 'M'),
(17, 'Luis', 'López', 'Ramírez', 'V'),
(18, 'Carlos', 'González', 'Martínez', 'M'),
(19, 'Nemon', 'Sánchez', 'García', 'V'),
(20, 'Carmelio', 'Cruz', 'Pérez', 'M'),
(21, 'Luis', 'González', 'González', 'V'),
(22, 'Luis', 'García', 'Sánchez', 'V'),
(23, 'Mauricio', 'Cruz', 'Hernández', 'V'),
(24, 'Luis', 'González', 'Hernández', 'M'),
(25, 'David', 'Hernández', 'Cruz', 'M');

-- --------------------------------------------------------

--
-- Estructura de tabla para la tabla `usuarios`
--

CREATE TABLE `usuarios` (
  `use_id` int NOT NULL,
  `use_matricula` varchar(10) NOT NULL,
  `use_psw` varchar(255) NOT NULL,
  `use_tipoUser` enum('alumno','profesor','administrador') NOT NULL
) ENGINE=InnoDB DEFAULT CHARSET=utf8 COLLATE=utf8_general_ci;

--
-- Volcado de datos para la tabla `usuarios`
--

INSERT INTO `usuarios` (`use_id`, `use_matricula`, `use_psw`, `use_tipoUser`) VALUES
(1, '25S0100000', 'pass', 'alumno'),
(2, '25S0100001', 'pass', 'alumno'),
(3, '25S0100002', 'abcd', 'alumno'),
(4, '25S0100003', 'pass', 'alumno'),
(5, '25S0100004', 'abcd', 'alumno'),
(6, '25S0100005', 'abcd', 'alumno'),
(7, '25S0100006', 'pass', 'alumno'),
(8, '25S0100007', 'abcd', 'alumno'),
(9, '25A0000001', '1234', 'administrador'),
(10, '25A0000002', 'pass', 'administrador'),
(11, '25M0000001', 'pass', 'profesor'),
(12, '25M0000002', 'pass', 'profesor'),
(13, '25M0000003', 'abcd', 'profesor'),
(14, '25M0000004', '1234', 'profesor'),
(15, '25M0000005', 'pass', 'profesor'),
(16, '25M0000006', 'pass', 'profesor'),
(17, '25M0000007', 'pass', 'profesor'),
(18, '25M0000008', '1234', 'profesor'),
(19, '25M0000009', 'pass', 'profesor'),
(20, '25M0000010', 'pass', 'profesor'),
(21, '25M0000011', '1234', 'profesor'),
(22, '25M0000012', 'abcd', 'profesor'),
(23, '25M0000013', '1234', 'profesor'),
(24, '25M0000014', 'abcd', 'profesor'),
(25, '25M0000015', 'abcd', 'profesor');

--
-- Índices para tablas volcadas
--

--
-- Indices de la tabla `administradores`
--
ALTER TABLE `administradores`
  ADD PRIMARY KEY (`use_id`);

--
-- Indices de la tabla `alumnos`
--
ALTER TABLE `alumnos`
  ADD PRIMARY KEY (`use_id`),
  ADD KEY `Grupo_ID` (`Grupo_ID`);

--
-- Indices de la tabla `calendario`
--
ALTER TABLE `calendario`
  ADD PRIMARY KEY (`Evento_ID`),
  ADD KEY `use_id_administrador` (`use_id_administrador`);

--
-- Indices de la tabla `calificaciones`
--
ALTER TABLE `calificaciones`
  ADD PRIMARY KEY (`Cal_ID`),
  ADD KEY `use_id_alumno` (`use_id_alumno`),
  ADD KEY `Mtr_ID` (`Mtr_ID`),
  ADD KEY `use_id_profesor` (`use_id_profesor`);

--
-- Indices de la tabla `grupos`
--
ALTER TABLE `grupos`
  ADD PRIMARY KEY (`Grupo_ID`);

--
-- Indices de la tabla `horarios`
--
ALTER TABLE `horarios`
  ADD PRIMARY KEY (`Horario_ID`),
  ADD KEY `use_id_profesor` (`use_id_profesor`),
  ADD KEY `Grupo_ID` (`Grupo_ID`),
  ADD KEY `Mtr_ID` (`Mtr_ID`);

--
-- Indices de la tabla `materias`
--
ALTER TABLE `materias`
  ADD PRIMARY KEY (`Mtr_ID`);

--
-- Indices de la tabla `profesores`
--
ALTER TABLE `profesores`
  ADD PRIMARY KEY (`use_id`);

--
-- Indices de la tabla `usuarios`
--
ALTER TABLE `usuarios`
  ADD PRIMARY KEY (`use_id`),
  ADD UNIQUE KEY `use_matricula` (`use_matricula`);

--
-- AUTO_INCREMENT de las tablas volcadas
--

--
-- AUTO_INCREMENT de la tabla `calendario`
--
ALTER TABLE `calendario`
  MODIFY `Evento_ID` int NOT NULL AUTO_INCREMENT, AUTO_INCREMENT=4;

--
-- AUTO_INCREMENT de la tabla `calificaciones`
--
ALTER TABLE `calificaciones`
  MODIFY `Cal_ID` int NOT NULL AUTO_INCREMENT, AUTO_INCREMENT=481;

--
-- AUTO_INCREMENT de la tabla `grupos`
--
ALTER TABLE `grupos`
  MODIFY `Grupo_ID` int NOT NULL AUTO_INCREMENT, AUTO_INCREMENT=10;

--
-- AUTO_INCREMENT de la tabla `horarios`
--
ALTER TABLE `horarios`
  MODIFY `Horario_ID` int NOT NULL AUTO_INCREMENT, AUTO_INCREMENT=541;

--
-- AUTO_INCREMENT de la tabla `materias`
--
ALTER TABLE `materias`
  MODIFY `Mtr_ID` int NOT NULL AUTO_INCREMENT, AUTO_INCREMENT=16;

--
-- AUTO_INCREMENT de la tabla `usuarios`
--
ALTER TABLE `usuarios`
  MODIFY `use_id` int NOT NULL AUTO_INCREMENT, AUTO_INCREMENT=26;

--
-- Restricciones para tablas volcadas
--

--
-- Filtros para la tabla `administradores`
--
ALTER TABLE `administradores`
  ADD CONSTRAINT `administradores_ibfk_1` FOREIGN KEY (`use_id`) REFERENCES `usuarios` (`use_id`);

--
-- Filtros para la tabla `alumnos`
--
ALTER TABLE `alumnos`
  ADD CONSTRAINT `alumnos_ibfk_1` FOREIGN KEY (`use_id`) REFERENCES `usuarios` (`use_id`),
  ADD CONSTRAINT `alumnos_ibfk_2` FOREIGN KEY (`Grupo_ID`) REFERENCES `grupos` (`Grupo_ID`);

--
-- Filtros para la tabla `calendario`
--
ALTER TABLE `calendario`
  ADD CONSTRAINT `calendario_ibfk_1` FOREIGN KEY (`use_id_administrador`) REFERENCES `administradores` (`use_id`);

--
-- Filtros para la tabla `calificaciones`
--
ALTER TABLE `calificaciones`
  ADD CONSTRAINT `calificaciones_ibfk_1` FOREIGN KEY (`use_id_alumno`) REFERENCES `alumnos` (`use_id`),
  ADD CONSTRAINT `calificaciones_ibfk_2` FOREIGN KEY (`Mtr_ID`) REFERENCES `materias` (`Mtr_ID`),
  ADD CONSTRAINT `calificaciones_ibfk_3` FOREIGN KEY (`use_id_profesor`) REFERENCES `profesores` (`use_id`);

--
-- Filtros para la tabla `horarios`
--
ALTER TABLE `horarios`
  ADD CONSTRAINT `horarios_ibfk_1` FOREIGN KEY (`use_id_profesor`) REFERENCES `profesores` (`use_id`),
  ADD CONSTRAINT `horarios_ibfk_2` FOREIGN KEY (`Grupo_ID`) REFERENCES `grupos` (`Grupo_ID`),
  ADD CONSTRAINT `horarios_ibfk_3` FOREIGN KEY (`Mtr_ID`) REFERENCES `materias` (`Mtr_ID`);

--
-- Filtros para la tabla `profesores`
--
ALTER TABLE `profesores`
  ADD CONSTRAINT `profesores_ibfk_1` FOREIGN KEY (`use_id`) REFERENCES `usuarios` (`use_id`);
COMMIT;

/*!40101 SET CHARACTER_SET_CLIENT=@OLD_CHARACTER_SET_CLIENT */;
/*!40101 SET CHARACTER_SET_RESULTS=@OLD_CHARACTER_SET_RESULTS */;
/*!40101 SET COLLATION_CONNECTION=@OLD_COLLATION_CONNECTION */;
